<?xml version="1.0" encoding="UTF-8" standalone="yes"?>
<addon id="repository.geekhckr" name="geekhckr Repository" version="2.0.2" provider-name="geekhckr">
    <extension point="xbmc.addon.repository" name="geekhckr Repository">
        <dir minversion="21.0">
            <info compressed="false">https://geekhckr.github.io/addons.xml</info>
            <checksum>https://geekhckr.github.io/addons.xml.md5</checksum>
            <datadir zip="true">https://geekhckr.github.io/omega</datadir>
        </dir>
    </extension>
    <extension point="xbmc.addon.metadata">
        <summary>geekhckr Repository for Kodi</summary>
        <description>A Repository for Streaming Add-ons of Indian OTT Providers</description>
        <platform>all</platform>
        <assets>
            <icon>icon.png</icon>
            <fanart>fanart.jpg</fanart>
            <clearlogo>icon.png</clearlogo>
        </assets>
    </extension>
</addon>
